id	name_fr	name_en	equipment
54acabb2-1176-4ad7-a670-230a86a900d3	Bande en caoutchouc fessière kickback	rubber band glute kickback	band
09566d08-7374-4df1-b080-dbc6e49b5350	Clamshell élastique	Banded Clamshell	band
e0ec17cd-706e-4cba-8180-91422b79b541	Écarté élastique avec rotation externe	Band pull-apart with external rotation	band
1fec5cba-0e34-4c1f-bb45-14a8df1aa693	Écarté inversé debout	Reverse Fly Standing	band
660022fe-5d3c-4b5d-8c9f-0b47c3448435	Exercices épaules élastique	Banded Shoulder Drills	band
d86d5c01-d8bb-499a-9502-3f07235a0823	Extension triceps poulie basse à un bras	One Arm Overhead Cable Tricep Extension	band
7dd7b534-7f47-4b24-a036-cac6c2dc3e05	Face pull élastique jaune/vert	Face pulls with yellow/green band	band
5ef35b38-1918-49ce-901c-0ff777988386	Fentes marchées	Walking Lunges	band
2f0787d3-ecdd-4ad3-99c5-5d6a09a26074	Leg curl élastique	Leg curl with elastic	band
7d1792d4-14a9-4afd-be40-8362ef40f3c6	Rétraction scapulaire élastique	Banded Scapular Retraction	band
1499d592-dd22-48ed-9bc1-148aa85f30b4	Ab rollout barre	Barbell Ab Rollout	barbell
56b1e5b5-5f67-4941-9538-40c5fa7fed89	Arraché olympique	Snatch OL	barbell
1b918356-b94c-4527-940f-c85b88fbeb74	Curl barre prise inversée	Reverse Grip Barbell Curls	barbell
6619bc4d-68e4-46d0-8128-f6b8e69148d7	Curl inversé	Reverse Curl	barbell
e2f06797-3c62-445a-9bc3-3bb8e5ddaa6b	Curl poignets barre	Barbell Wrist Curl	barbell
e2a085d5-ef81-4006-9754-df82ffc0e74c	Curls stricts barre	Biceps Curls With Barbell	barbell
dbfb1939-bdcb-4d25-873c-f4f03c6b44f2	Développé couché	Bench Press	barbell
30af61a7-a740-4142-8d6b-330b34ac2fe4	Développé couché prise inversée	Reverse Grip Bench Press	barbell
9e5e840a-f13e-42d2-a90e-5647f052f37c	Développé couché prise serrée	Bench Press Narrow Grip	barbell
72a2635a-88b6-4979-b43a-98e907602200	Développé décliné barre	Decline Bench Press Barbell	barbell
3723ce9c-62a3-4bf0-9b49-14aaa73e6e46	Développé épaules barre	Shoulder Press, Barbell	barbell
850c38f5-ea78-466d-8ae2-41a0f059cf97	Développé incliné barre	Incline Bench Press - Barbell	barbell
dda131cc-ffd7-4152-a693-e24dd9b0bc79	Développé incliné prise serrée barre	Incline Close Grip Barbell Bench Press	barbell
86227f21-cc62-4c27-a64e-468546a6a276	Développé militaire	Overhead Press	barbell
ae78fc17-c031-45e6-81f8-b779a63cd465	Développé supination	Supine press	barbell
dfde3ec7-e3b1-46a9-aca7-44cf77a92055	Élévations frontales	Front Raises	barbell
e6adb466-0ba6-41f8-8e45-198129d0a13e	Épaulé	Clean	barbell
ba138735-6621-4298-8d13-b4c69f4b7177	Épaulé développé	Clean and Press	barbell
31d91617-1f7e-4b89-a707-ee000395f86e	Épaulé puissance	Power Clean	barbell
2b966da7-ff3e-4ccd-aff4-559c197e217f	Épaulé-jeté	Clean and Jerk OL	barbell
8ab29b99-a8b1-40a7-8a89-8863359c838f	Étirement rotation externe	External Rotation Stretch	barbell
f366452b-5c55-42f0-935a-56bfe4c37d0b	Extension triceps allongé	Lying Triceps Extensions	barbell
a5e90848-1e26-41e7-8e1c-877f3898a0be	Extension triceps barre	Barbell Triceps Extension	barbell
710cccdf-a4af-43d2-99fc-7f60445a5f73	Fente latérale glissée	Sliding Lateral Lunge	barbell
7297824b-af55-40b5-b7bf-dc791e8c8538	Fentes arrière barre	Barbell Step Back Lunge	barbell
63e579c0-f24f-448d-9230-9f9e40043dc7	Fentes barre debout	Barbell Lunges Standing	barbell
f50390a2-022f-4911-9ba3-0f96f1d36670	Hip hinge	Hip hinge	barbell
f2d5b9d8-2492-4811-8b35-1dfdf6079d70	Hip thrust barre	Barbell Hip Thrust	barbell
4607b2bd-ff63-4794-b3fb-d0239cf6fcd5	Hip thrust unipodal haltère	Dumbbell Single-leg Hip Thrust	barbell
bb4cb07b-6239-420a-a4dc-08dc077b9f3c	Jeté olympique	Jerk OL	barbell
0a06b348-4b36-4d58-8a5c-0c98d2d453b2	Larsen press	Larsen Press	barbell
df3d1761-bd22-4495-86c8-9d2866b31ead	Meadows row	Meadows Row	barbell
58d6ad52-8303-4afd-8957-7ad068aaa084	Pause bench	Pause Bench	barbell
319a5c99-33c2-4449-b087-3fb499ef88b4	Pin bench press bb	Pin Bench Press BB	barbell
f5b5e4c6-ec48-4641-b6d3-ed0fe206410f	Pin ohp	Pin OHP	barbell
92510e57-ab4a-4a02-98ec-e8328613cd77	Pin squat	Pin Squat	barbell
fbc2327a-8596-4b58-bea0-947755d4eada	Press landmine	Landmine press	barbell
c670e96b-6705-43bf-8d1d-c8186dd99d2d	Press trapèzes	Trap press	barbell
bf4431a8-77fd-46a6-8c24-9422de40bb9d	Presse jm	JM Press	barbell
1129895b-9da4-4eb3-9932-9ced4414b4f7	Push ohp	Push OHP	barbell
97e05157-4d26-49ac-8afc-60e1f3b8dbf9	Relevé de bassin	Hip Thrust	barbell
0a94032d-fc3a-45fd-bac6-6f80c0ce1f60	Rotation interne allongé latéral	Side-laying interior rotation	barbell
eded734c-41b4-4e81-ad16-3a6a56b33c75	Rowing	Row	barbell
21c213e6-3896-4dad-986c-50a99d830b48	Rowing barre pronation	Barbell Row (Overhand)	barbell
32130b7a-ee6e-483a-abe3-faf94f839c8c	Rowing barre supination	Barbell Row (Underhand)	barbell
f251fab7-79d2-4cb1-9947-e5cb938856a5	Rowing landmine unilatéral	Perpendicular Unilateral Landmine Row	barbell
848862a3-9a8c-406a-89e9-6aa6c9de9b43	Rowing penché barre	Bent Over Rowing	barbell
d6db2a5c-da2f-4612-baaf-6c8d6be6d0d8	Rowing penché prise inversée	Bent Over Rowing Reverse	barbell
23cadf9f-778d-4a7d-91d5-bb0dcea8f524	Rowing Pendlay	Pendelay Rows	barbell
00115396-a68e-4463-915e-176dc183008f	Shrugs barre	Shrugs, Barbells	barbell
f0ed460c-9eea-4146-83fa-4b8584adc9e6	Soulevé de terre	Deadlifts	barbell
2d0e91b2-6102-43b7-9548-ec146baf88d3	Soulevé de terre roumain barre	Barbell Romanian Deadlift (RDL)	barbell
960ced39-7ca7-42ed-aa78-6ec450441ae2	Soulevé de terre roumain kickstand	Kickstand RDL	barbell
20355bba-50f8-4476-bda8-39131375f867	Split squat Smith machine	Smith Machine Split Squat	barbell
8eabe488-8857-464f-b43e-c9a37b6aa1df	Squat avant	Front Squats	barbell
873f87b6-2eea-47e7-882e-7665b2f20a26	Squat barre	Barbell squat	barbell
8bde27f3-c42e-4619-8e98-5a81c1e1ab84	Squat complet barre	Barbell Full Squat	barbell
61aef2d1-1832-4c9f-ae92-1243f3b9efb1	Squat landmine puis press	Landmine Squat to Press	barbell
f257d24c-db2d-4b08-b9bf-c287fbdd629e	Squat sur boîte basse position large	Low Box Squat - Wide Stance	barbell
c652fde7-7224-4ddb-9eff-bcb3451bf8cd	Squats	Squats	barbell
7f130aae-14ca-4e7b-b3d7-e149fb7a063c	Thruster	Thruster	barbell
4aed322e-448c-4263-9e12-c77a064fdea3	Tirage avant prise large	Front pull wide	barbell
edda72aa-a798-4645-a549-2a46694292b1	Tirage avant prise serrée	Front Pull narrow	barbell
a734caec-afb3-4c27-b1b7-62e038a7d3d3	Adduction de Copenhague	Copenhagen Adduction Exercise	bench
042b4b24-aede-4134-8bab-77f7b71e23ad	Blaze	Blaze	bench
86d0a337-67fc-4641-ac39-4d18a18bf97d	Crunchs inclinés	Incline Crunches	bench
e677806a-1c84-4071-8882-6aad47b29693	Curl allongé haltères	Lying Dumbbell Curls	bench
dad09fe4-57ef-4bd9-9a6e-029b812b72ef	Curl biceps allongé	lying bicep curl	bench
af871dc5-58d7-48ed-a1b0-0947b77ff1d9	Curl en W assis	Seated W Curl	bench
7eb1cf33-5f89-4821-8af4-9ff349da6b47	Curl spider	Spider Curl	bench
162db63f-324b-4f9f-a9fd-b581a3e23f0f	Développé à plat machine	Flat Machine Press	bench
e8df5da4-783d-40fa-ba8f-b23af6bdbb3e	Développé assis	Seated Bench Press	bench
65b3619c-037b-4374-8791-84faa2484761	Développé couché haltères	Benchpress Dumbbells	bench
cbbcb7f2-ec62-4b8c-9f39-0e0e84572c88	Développé couché haltères coudes rentrés	Elbows Tucked DB Bench Press	bench
973484bd-6209-4564-a473-c5e45adaf7e8	Développé couché prise supination haltères	DB Underhand bench press	bench
946e046d-1bc9-4ec5-9dd7-627bd2726386	Développé épaules incliné	Incline Shoulder Press Up	bench
eb0ed8b1-092b-4192-9f2f-f85f44db47ec	Développé incliné Smith	Incline Smith Press	bench
d3e7b8a6-54d6-430f-a3b2-341842001566	Développé pectoraux haltères sans drive jambes	No Leg Drive Dumbbell Chest Press	bench
b2a2246c-aa14-4a30-801f-70fb3f1f8203	Dips entre deux bancs	Dips Between Two Benches	bench
3e644b8a-9f0d-42d0-90c5-5a427d9ab2e9	Élévation deltoïde post. sur banc	Chest-Supported Rear Delt Raise	bench
476fee98-fc95-42f2-a227-a92bf05c15b0	Étirement bloc boucher	Butchers Block Stretch	bench
5867393f-26ec-4680-90a4-63775290aa82	Étirement figure 4 assis	seated figure four	bench
3ddd7731-c0b6-4f3c-a8e1-6a19c7280deb	Étirement prière élevé	Elevated prayer stretch	bench
3e05282d-2c2f-45b1-8abc-bee79e99004b	Hyperextension inversée	Reverse Hyperextension	bench
59e7057b-d006-447e-9e6c-822f9baffa9f	Pompes | incliner	Push-Ups | Incline	bench
8ebd4969-24bb-454f-a4e4-be48f8634ca7	Press fessier latéral unipodal	Single-leg side glute press	bench
2f3aba52-5373-4429-801e-4bb9332ee04c	Press triceps assis	Seated Triceps Press	bench
98ea2da4-b8d9-4724-91f6-3aff40f59e29	Pull-over / rowing corde	Rope Pullover/row	bench
61564d65-f796-48ad-a4fe-221930e1f6b1	Relevé de jambes banc décliné	Decline Bench Leg Raise	bench
3bfd60f4-1d5e-4f4a-ab0b-aa35452aca08	Rowing haltère sur banc incliné	Incline Chest-Supported Dumbbell Row	bench
937f3be0-e9c7-4cab-bb47-9a03b4edaf82	Rowing penché haltères	Bent Over Dumbbell Rows	bench
c7ef6513-94b6-462a-b6cf-04608717b76c	Rowing un bras	Single arm row	bench
0c3f6d1e-7131-40d8-a70c-d85f4ef85d42	Skull crusher barre EZ	Skullcrusher SZ-bar	bench
616879a2-4992-4338-a491-532be071a8e0	Skull crusher haltères	Skullcrusher Dumbbells	bench
7bfc28fe-efb3-47e6-b099-7803f7ebd0d8	Smith press	Smith Press	bench
955fd639-d306-4eb4-b450-9604266bbfee	Tate press haltères	Dumbell Tate Press	bench
95d35907-cdd9-487e-9cf6-fc966735a117	Tirage poulie modifié	Modified pulldown	bench
cc6c6b91-d325-4dcd-99a8-d75976af9ad1	Tirage unilatéral poulie	Unilateral Cable row	bench
9f3050fa-6c42-4ff0-b3ec-3f66676d0693	Tuck l-sit	Tuck L-sit	bench
22dc0b25-faad-4d0d-9aa2-1bea583bd86a	Abduction hanches assis	Seated Hip Abduction	bodyweight
bb3be6e0-0850-4612-ae6a-a2ff9f9bd11e	Abduction hanches machine	Machine Hip Abduction	bodyweight
ec5fba82-052c-4146-8fff-875a0ccf4f58	Adduction hanches assis	Seated Hip Adduction	bodyweight
1de2307f-dc6f-4d8e-bd41-3c7e2f98376d	Applaudissements au-dessus de la tête	Claps over the head	bodyweight
c45bc861-6ea2-42de-968d-3f2ae3d0e38c	Arabesque	Arabesque	bodyweight
8eccdfcb-cb06-40e5-982e-a8eeb7d737b1	Aspiration abdominale	Abdominal Draw-In	bodyweight
99dbafb5-0ef2-4771-942f-3839f62cfa51	Balancement jambes avant-arrière	Leg Swings (Front–Back)	bodyweight
fe042277-ef07-406a-a5ec-978114eac800	Balancement jambes croisé	Crossbody Leg Swings	bodyweight
1a842bf1-6b3b-4efc-99ed-398de30905ab	Ball slams	Ball Slams	bodyweight
3f559914-6b72-4b42-a146-567dbfba879b	Bande d'exercice dorsiflexion	Exercise Band Dorsiflexion	bodyweight
a9b21057-970f-4435-870e-16699f6e1b15	Bande d'exercice plantarflexion	Exercise Band Plantarflexion	bodyweight
7a446572-b43b-42df-9b44-4e6279ac0f33	Bear walk 2	Bear Walk 2	bodyweight
c056a834-553b-467b-9bb5-96b675c44a42	Bird dog	Bird Dog	bodyweight
8a4ac2fd-f366-44de-be0a-4cc62355954d	Box jumps	box jumps	bodyweight
104b8736-dfa4-416d-a04a-65d237b30c21	Bus drivers	BUS DRIVERS	bodyweight
d48be133-f991-4ff6-93b8-96702f975ab0	Butterfly	Butterfly	bodyweight
bf07337e-05e1-40df-8aa3-46094fbd0855	Butterfly inversé	Butterfly Reverse	bodyweight
2fad5c11-d649-4d19-9fdb-7b77e8536a2b	Butterfly prise serrée	Butterfly Narrow Grip	bodyweight
e58fa8eb-e42a-4610-b0d8-b94bbe78e708	Chaise au mur	Wall Squat	bodyweight
3a01197a-41b6-456d-8b74-bdbd9179cec8	Ciseaux	Scissors	bodyweight
e47431db-ec90-4940-a643-37efb67b095b	Clamshell	Clamshell	bodyweight
0c62ff19-81e4-4c10-bbf7-3ff631fb2ba2	Climb mill	ClimbMill	bodyweight
fbf93a1e-0b96-4357-9945-13323cb6ee8f	Cordes de combat	Battle Ropes	bodyweight
f264dda3-22d6-473b-b550-957ed6c6d505	Coups de poing	punches	bodyweight
60b4f0df-102d-4f25-84eb-24c8f4334b89	Croisement poulie vis-à-vis	Cable Cross-over	bodyweight
18f733b6-80fe-47a5-93b4-d372848a83f7	Croix suspendue	Suspended crossess	bodyweight
e57f4278-a092-4bda-bac1-5cd4001950d7	Crunch inversé	Reverse crunch	bodyweight
ce10bc22-4063-4ae1-9ddc-ed4a03df74f7	Crunch latéral	Side Crunch	bodyweight
b975ddda-7287-428f-9f5b-7dc86d0f19e2	Crunch lévitation	Levitation Crunch	bodyweight
29344a08-a2b9-448a-b5af-4ef36aed88c9	Crunch oblique haut	Upper External Oblique	bodyweight
cbd7ede6-92c5-4d0f-838f-ad41832bad98	Crunchs	Crunches	bodyweight
75fccdf4-363f-4ef7-bb93-77b6383c7b88	Crunchs ballon lesté en livre	Medicine ball booklet crunch	bodyweight
b21dff65-f77f-4a8d-bee1-89dffa8e5733	Crunchs bicyclette	bicycle crunches	bodyweight
8d36ea4c-f433-4c33-86d6-d49bbd59ba74	Crunchs jambes levées	Crunches With Legs Up	bodyweight
1b151201-75b0-433b-83c6-8b455e1899ee	Crunchs latéraux debout	Standing Side Crunches	bodyweight
b914cdfe-87c5-4e0a-b188-2d36cca1de24	Crunchs négatifs	Negative Crunches	bodyweight
2330adae-1fcb-429c-85cd-8d63cb5dca6a	Curl barre droite poulie	Straight Bar Cable Curls	bodyweight
f43ddffa-67c9-4f63-8b73-beb6709d7e14	Curl bayésien	Bayesian Curl	bodyweight
747d5b1f-7549-4f01-adf0-854bf6b433d3	Curl biceps gorilla TRX	TRX gorilla biceps curl	bodyweight
103758a2-3381-40fd-98d5-5a53d093ce04	Curl biceps machine	Biceps Curl Machine	bodyweight
2c94a5b7-0165-47e2-94d6-f8c333fd355a	Curl biceps poids de corps	Bodyweight Biceps Curl	bodyweight
395c37fc-deb3-4b64-bf71-95e7892ca8cd	Curl biceps poulie	Biceps Curl With Cable	bodyweight
20a2084e-672f-4509-a6db-92e9581a5495	Curl biceps TRX	Biceps with TRX	bodyweight
28efa800-3387-4936-9e92-ce511b2c44a3	Curl biceps un bras TRX	Trx Single Arm Bicep Curl	bodyweight
f5dbb716-7807-44b2-9202-d8403877f1a8	Curl concentration poulie	Cable Concentration Curl	bodyweight
687fd7c2-046e-4e60-a5a1-761073771e6d	Curl haltères machine Scott	Dumbbells on Scott Machine	bodyweight
9ffb7f1e-3e2c-4390-91e1-060d523e8a52	Curl marteau poulie	Hammercurls on Cable	bodyweight
306bb30d-557b-4333-bd4d-bc63d4374dea	Curl marteau TRX	TRX hammer curl	bodyweight
35212a65-4c10-477b-b6f3-09f37b1c72af	Curl nordique	Nordic Curl	bodyweight
b6f7dbfc-f0c0-4ec4-83bf-d0a73c9170d5	Curl nordique inversé	Reverse Nordic Curl	bodyweight
e6fa9992-6e75-4044-ab22-77b00925a90c	Curl poulie basse	Cable Curls	bodyweight
481bbc38-c32b-4ce4-a06f-502fb6ef1363	Curl poulie prise pronation	Overhand Cable Curl	bodyweight
9bb75e88-c3fe-4743-a4a9-b5bdd65e69f4	Développé couché prise serrée Smith	Smith Machine Close-grip Bench Press	bodyweight
59015623-36d6-4a7f-b728-1c4d163221c6	Développé décliné Hammer Strength	Hammerstrength Decline Chest Press	bodyweight
d3e8c53a-b63d-4f04-842a-2e21a0230c97	Développé épaules machine	Shoulder Press, on Machine	bodyweight
b9fd338b-370a-4e60-99f0-6d4550be8c37	Développé épaules multi press	Shoulder Press, on Multi Press	bodyweight
3567a432-06ed-4b2b-8a3f-a2ebf389a3d7	Développé incliné aux haltères	Incline Bench Press - MP	bodyweight
05ad16ba-34c2-406e-a4e9-74e90499917b	Développé incliné haut Smith	High-Incline Smith Machine Press	bodyweight
14bd9a6e-6c82-4d47-ba30-af5c05f1fac2	Développé incliné machine Legend	Legend Incline Bench Press	bodyweight
38a7524e-6ba1-4413-9eb1-614db20ea51e	Développé légèrement incliné Smith	SMITH MACHINE SLIGHT INCLINE PRESS	bodyweight
a9cc0d12-1209-42b9-b031-75b47e442e9e	Développé pectoraux haltères	Dumbbell Chest Press	bodyweight
18064a63-25c1-48de-99c8-51ef19b31252	Développé pectoraux machine	Chest Press	bodyweight
2f9917f5-d62f-489c-abb9-8e98d0855adc	Développé pectoraux machine à levier	Leverage Machine Chest Press	bodyweight
703929c6-5cba-40e0-95f9-f69f6bd05ffe	Développé pectoraux poulie décliné	Cable Chest Press - Decline	bodyweight
938f121a-746a-45c0-aa61-605958094462	Développé pectoraux poulie incliné	Cable Chest Press - Incline	bodyweight
be9f1837-7f35-4258-84e0-cc89bad03aab	Dips	Dips	bodyweight
b64da973-0826-4f79-b420-6372e3bc0387	Dips aux anneaux	Ring Dips	bodyweight
ecf8d831-de7b-4519-82aa-a60984900c67	Dips sur banc au sol	Bench Dips On Floor HD	bodyweight
0c44dbd6-7f7c-4a36-b253-06193b6aeb34	Dips triceps assistés	Triceps Dips (Assisted)	bodyweight
ab31cf76-8d4d-4a29-9e0b-d1caf93ceec1	Dips TRX	TRX dips	bodyweight
882ad5c6-28ad-4bb9-9c1c-1f951b58bd3e	Dragon flag	Dragon-flag	bodyweight
c2acc933-3db1-49d7-b2e2-0e8588542655	Écarté arrière poulie	Cable Rear Delt Fly	bodyweight
dc79f358-f4ea-42c5-b300-ca15a06221df	Écarté inversé poulie	Reverse Cable Flye	bodyweight
a36ebe8b-d10e-4782-9441-45f8dc7d6ddb	Écarté pectoraux machine	Machine chest fly	bodyweight
1d908c58-ea89-4760-b1e1-d648677b2bef	Écarté poulie	Fly With Cable	bodyweight
a92cfa1e-21fd-425e-bc09-48d32b476ef6	Écarté poulie bas des pectoraux	Cable Fly Lower Chest	bodyweight
bd729448-a4a1-4ab0-98ad-1c59297f4007	Écarté poulie basse	Low Pulley Cable fFly	bodyweight
a7a4aad3-42eb-4eaf-9084-06326d8bbf8f	Écarté poulie haut des pectoraux	Cable Fly Upper Chest	bodyweight
176048dc-f461-40d0-8ce2-6de1c5ee24b2	Écarté poulie milieu des pectoraux	Cable Fly Middle Chest	bodyweight
26c48b5c-cd03-4dd0-a3ae-abed1a58de14	Écarté poulie penché	Bent over Cable Flye	bodyweight
84b0562d-b5e0-4940-bbd8-b8617f2c0dce	Écarté poulie vis-à-vis	Cable Fly	bodyweight
06aee474-b041-4edd-aeee-be0c7d8f4ea4	Élévation bras et jambe à quatre pattes	Quadriped Arm and Leg Raise	bodyweight
2d7a1bb1-35aa-43d9-957c-dd031510ab60	Élévation en Y poulie croisée	Cross-Body Cable Y-Raise	bodyweight
28401d75-a1f8-4f73-ac6f-1ef765e6e535	Élévation frontale avec disque	Front Plate Raise	bodyweight
89a8146f-08bb-4f0f-936d-92e8895033d2	Élévation frontale poulie petite barre	Cable Front Raise with a small bar	bodyweight
8c57a2f0-6cc6-4ef4-b628-bb32f4c517fe	Élévation latérale machine	Machine lateral wise	bodyweight
ce6a9bd0-6ece-41c7-b48e-840ae8874e8d	Élévation latérale poulie	Side Lateral Raise (Cable)	bodyweight
1c2a8eec-caed-4d8b-a883-23e79b36f7cd	Élévation latérale poulie arrière	Side lateral raise - Back (Cable)	bodyweight
f6363b80-f7bd-4d7d-ba5f-52a39ca0c6ee	Élévation latérale poulie avant	Side lateral raise - Front (Cable)	bodyweight
5c43630f-7903-4f3d-b07b-f310579289eb	Élévation latérale poulie derrière le dos	Behind the Back Cable Lateral Raise	bodyweight
bf9e6034-f98b-4e4b-a82a-8d7c58ea8a72	Élévation latérale poulie haute	High-Cable Lateral Raise	bodyweight
b04bc576-fca1-4246-9c34-642293271375	Élévation latérale poulie un bras	Cable Lateral Raises (Single Arm)	bodyweight
79107825-0545-4756-9c2d-7fe99379e60a	Élévation mollets assis	Sitting Calf Raises	bodyweight
8914f648-3957-4c1e-8ce6-49b8caf4c0e4	Élévation mollets deux jambes	Double Leg Calf Raise	bodyweight
cab62115-ccde-4b82-b712-08d0b1c29835	Élévation mollets jambe gauche	Calf raises, left leg	bodyweight
2bbcdff1-3816-41f4-9789-6bbd5041273c	Élévation mollets machine hack squat	Calf Raise using Hack Squat Machine	bodyweight
a7b931b2-ea9c-48d1-8d1c-fd0592af9666	Élévation mollets unipodal	Calf raises, one legged	bodyweight
db2f34e8-c650-41d6-bbad-17fc8fb9a642	Élévation trap-3	Trap-3 Raise	bodyweight
f3c58800-e070-4f96-9e98-8323887f3f2f	Élévations bras (T/Y/I)	Arm Raises (T/Y/I)	bodyweight
9b081a7d-428f-4719-a05a-52bd711adaec	Élévations frontales avec disques	Front Raises with Plates	bodyweight
ddc04d70-3b79-481b-b812-7109c8893b67	Entraînement au sac	Bag training	bodyweight
037142e8-f781-4fc3-abc7-4092d7f3865e	Essuie-glaces	Windshield Wipers	bodyweight
b08b3f6f-2963-4324-a681-2d8d03ba51c0	Essuie-glaces isométriques	Isometric Wipers	bodyweight
c4857f5a-d91c-4176-91c8-4b1c220a71bc	Étirement biceps debout droit	Standing biceps stretch right	bodyweight
d3442838-0cef-4355-a026-582cb57bfc62	Étirement biceps debout gauche	Standing biceps stretch left	bodyweight
e60bd02b-ed31-4893-91bc-1b6cc442ff2d	Étirement bras et cou	Arm and Neck Stretch	bodyweight
0204c506-6625-40bc-ac8d-4a47bd40e025	Étirement bretzel	Bretzel stretch	bodyweight
fc4b3df7-4bd5-493b-8b5d-f6ac51d53318	Étirement cobra	Cobra Stretch	bodyweight
f74a1afc-c5c2-44cc-88b9-f260e41046a8	Étirement deltoïdes	Delt Stretch	bodyweight
154148fb-1f16-4813-9566-ff248bf55d9c	Étirement du dormeur	Sleeper Stretch	bodyweight
6632afdc-75ba-4381-a371-813f40d39f27	Étirement du mollet assis (dorsiflexion)	Sitting Calf Stretch (Dorsiflexion)	bodyweight
1bb681ed-6898-41c1-9edf-559a3b15610c	Étirement extension épaule assis	Seated Shoulder Extension Stretch	bodyweight
d7d8a8aa-d12e-4e12-b498-d89da54a8d71	Étirement flexion horizontale épaule	Horizontal Shoulder Flexion Stretch	bodyweight
19c42f40-a8df-4768-bb89-ff66c38eae54	Étirement genou-poitrine	Knee to Chest Stretch	bodyweight
83b0f70d-a3ad-4e9a-ac38-f5703f531e20	Étirement grenouille	Frog Stretch	bodyweight
411d4e71-7d4b-41dd-88a2-0d39ffc9c327	Étirement ischio-jambiers croisé	Crossbody Hamstring Stretch	bodyweight
8d94862b-e6d2-4d4d-94e3-6dd42bebac50	Étirement ischio-jambiers unipodal	Single Leg Hamstring Stretch	bodyweight
a14406ad-5466-40ef-b581-6f64fb13c867	Étirement jambes et hanches	Leg and Hip Stretch	bodyweight
82be6b7b-4b72-47fc-ad16-9ffb632e4e82	Étirement mollets debout	Standing Calf Stretch	bodyweight
107af4a8-71ec-4843-9bac-97461151f622	Étirement pectoral porte	Doorway Pectoral Stretch	bodyweight
6278101f-03d8-4b2e-9fb4-35b0a79ec5f6	Étirement rotation du torse	Torso rotation strech	bodyweight
c1b32066-61c1-405e-9e19-60cc04bd8332	Étirement soléaire debout	Standing Soleus Stretch	bodyweight
34a09ab0-481d-4d4a-983a-1bc566c0b71b	Étirement triceps droit	Triceps stretch right	bodyweight
e817bd24-e088-4d34-a24c-6af8c8ace41f	Étirement triceps gauche	Triceps stretch left	bodyweight
27e7d300-6146-488f-bbc8-1f70a0e9d8fa	Exercice de yoga : cow-cat	Yoga exercise: Cow-cat	bodyweight
478a1f74-f208-418e-9af0-f3c91067dc99	Extension de jambe unilatérale	Single Leg Extension	bodyweight
9fa6861a-191b-4761-92d4-b4ca24d2d9a7	Extension de jambes	Leg Extension	bodyweight
7b58d665-731a-454c-9d4b-bded5e3c2651	Extension du dos	Back extensión	bodyweight
8bbfe283-aa44-47e6-a5bf-9c50b4c511d2	Extension triceps au-dessus poulie	Overhead Cable Tricep Extension	bodyweight
4e4f45d3-cc99-4e7e-a38b-eab941c56ae0	Extension triceps croisée poulie haute (NB)	High-Cable Cross Tricep Extention - NB	bodyweight
c20507ea-137a-4c99-af7d-95c5b33fa210	Extension triceps machine	Triceps on Machine	bodyweight
9e313848-2084-43ec-8267-ef0e8cc0ae27	Extension triceps poulie barre	Triceps Extensions on Cable With Bar	bodyweight
1dfefce0-b206-41f9-97a5-59a7d3719238	Extension triceps poulie haute	Tricep Pushdown on Cable	bodyweight
28d44421-c1be-4811-b33b-75603041c79e	Extension triceps poulie rotation externe	Cable Tri Extension - External Rotation	bodyweight
210afec5-d1dd-4bfc-8ae1-bde82e6703b6	Extension triceps poulie rotation interne	Cable Tri Extension - Internal Rotation	bodyweight
f14bbf4d-a476-41a2-966f-ec87cbade9ba	Extension triceps TRX	TRX Tricep Extension	bodyweight
8847dd79-7f44-42e8-8daa-18fca1a91273	Face pull	Facepull	bodyweight
6f3e803e-33fd-4a0f-857d-89589d8effa5	Fentes arrière alternées	Alternate back lunges	bodyweight
7125a47c-1672-4947-96d7-1f9d78770d10	Fentes poids de corps	Bodyweight lunge HD	bodyweight
479b9b58-8316-47d8-858b-2823fe1342cc	Fentes unilatérales	Unilateral Lunges	bodyweight
2bb368d1-22fd-4826-b969-1854fabbbb50	Flutter kicks	Flutter Kicks	bodyweight
d4da740a-9c7c-4805-8a02-cde9353a6c26	Frog stand	Frog stand	bodyweight
fb0a92e1-b565-41e0-8e3f-3c7b39210500	Front lever	Front Lever	bodyweight
c695423c-0bc9-4fdc-b12d-64866350f6a7	Front lever tuck	Front lever tuck	bodyweight
950b5e68-480d-4b1e-87e5-d387b03621ff	Gainage abdominal	Abdominal Stabilization	bodyweight
359f9a34-2192-4012-954c-d9e005414aa6	Gainage incliné toucher sol alterné	Incline Plank With Alternate Floor Touch	bodyweight
589621aa-ec35-48aa-a3e4-e99e42822a5d	Gainage planche	Plank	bodyweight
73586729-769f-4f4b-8a1f-19b917ac7969	Gainage planche chat	Cat Plank	bodyweight
47a02f01-e230-47de-b4dc-5d9f1a80eec4	Gainage planche extension coude	Plank-to-Elbow Extension	bodyweight
d4d91119-10c8-4979-ab20-62b7af4377dc	Gainage planche frontale	Front Plank	bodyweight
b50fca84-35eb-4a5a-bd5f-b96f1ab239fc	Gainage planche jumping jacks	Plank Jacks	bodyweight
e0cf259b-9955-42df-beeb-b857b06d6fa9	Gainage planche latérale	Side Plank	bodyweight
82cedffa-99f2-451f-baa1-de372c4e2885	Gainage planche levé de jambe alterné	Plank with Alternating Leg Lift	bodyweight
96ef27ca-92e3-4527-bc07-f5aa2f699b13	Gainage planche toucher épaules	Plank Shoulter Taps	bodyweight
65da152d-84ad-4154-a956-e50bf81c44fc	Glissements de genoux black widow	Black Widow Knee Slides	bodyweight
3c5931ed-a0ed-4d0d-8200-ffeefc053135	Glissières latérales + squats	Side Slides + Squats	bodyweight
e0e2c65d-a225-43e2-ace6-a6216605d061	Glute drive	Glute Drive	bodyweight
905fa8f3-175b-4bfb-b913-ad0c462dfc26	Glute kickback (machine)	Glute Kickback (Machine)	bodyweight
1407ee89-9cf7-4a83-815b-da6eb0960448	Good mornings	Good Mornings	bodyweight
00632042-ea0c-40a9-837e-4728bf3056bd	Hack squats	Hack Squats	bodyweight
c67f6e00-abd3-4856-8849-be798d46d639	Hamstring chokes	Hamstring Chokes	bodyweight
8e7d5e22-1327-40f1-b872-a87bfade6814	High knee skips HD	High Knee Skips HD	bodyweight
4107fbd3-1d99-4ca3-8c08-156e26fea3ec	Hip thrust unilatéral	Unilateral Hip Thrust	bodyweight
6f0a582c-a65a-4115-8002-c1621ca6ab03	Hollow hold	Hollow Hold	bodyweight
d66c2cb0-a5e2-4e1b-b03f-00c4b854d5ca	Hyper Y W combo	Hyper Y W Combo	bodyweight
94f094e9-7ae6-4b20-a863-67dac0d4417e	Ice cream maker	Ice Scream maker	bodyweight
4454e6f0-7175-45b6-a013-18d170a3338b	Isométrie traction horizontale	Horizontal traction isometry	bodyweight
61d6da8b-fd59-4421-a88b-5c343b3ec848	Jeté force	Push Press	bodyweight
de4d55da-306c-4f9a-932d-b657a3c73772	Jumping jack HD	Jumping Jack HD	bodyweight
683eb5fc-f59d-448d-a7f6-77ecfa5e6f97	Jumping jacks	Jumping Jacks	bodyweight
685fe851-e804-4cc5-8c5e-ee1328225660	Kick ischio-jambiers	Hamstring Kicks	bodyweight
46e80aef-53ec-49fb-8e4f-af8bb7b70173	Kickback triceps poulie	Cable Tricep Kickback	bodyweight
d2584ba8-bed6-4fcb-beb4-1aef5b30f468	Kroc row	Kroc Row	bodyweight
9e8f3238-14ae-4431-a694-2c329857a70f	L-sit	L-sit	bodyweight
44b36b98-b2f3-4337-8663-512bc09562f2	L-sit (pieds supportés)	L-Sit (Foot Supported)	bodyweight
ea385dce-4506-47ff-a187-bf4855c1dc0d	Leg curl allongé	Leg Curls (laying)	bodyweight
26fdac7f-b498-45c5-986a-f088dde582ed	Leg curl debout	Leg Curls (standing)	bodyweight
3fc99676-7550-41ae-87ec-b463baf8ac0b	Low-cable cross-over - NB	Low-Cable Cross-Over - NB	bodyweight
3fc3036b-b3a9-45ba-9c93-83e2f8d64187	Machine pull-over	Pullover Machine	bodyweight
2ebc52cb-b9d7-4794-a3b8-729df7fa43d4	Machine rotation du torse	Rotary Torso Machine	bodyweight
cc6aa849-6def-4733-a94d-babd6738ca4d	Machine ski	Ski Machine	bodyweight
ee156755-0ce9-41f2-a94e-60926d5bed71	Maintien barres parallèles	Parallel Bar Hold	bodyweight
35b83c86-5b91-45f4-9d39-10b2ea8b2931	Maintien isométrique pull-up	Pull-up Isometric Hold	bodyweight
3ccfb762-2be8-40c3-b06c-2b7456e34f2b	Marche éléphant	Elephant Walks	bodyweight
91412d03-9823-4b6a-875e-62d6a01d0d1f	Marche latérale	Lateral Walk	bodyweight
8cab8695-b70c-4ee0-9991-e468ee27dac2	Marche ou jogging sur place	March or jog in place	bodyweight
9fbcc335-3d8a-47a3-bbb0-7d5cd8fd9abe	Mobilisation dorsiflexion cheville	ankle dorsiflexion rocks	bodyweight
60b76525-5985-4003-bc88-a79fc66b8a8d	Muscle-up	Muscle up	bodyweight
9dd089a9-6fb8-43e0-9ece-325f209c9c56	Pallof press	PALLOF PRESS	bodyweight
0d571757-c136-4ee8-a1c0-6fbe3c8d4ca5	Pancake debout	Standing Pancake	bodyweight
6364737a-3990-4e8b-9b92-132500c2e6ee	Pancake good morning assis	Seated Pancake Good Morning	bodyweight
3de0596f-d403-434d-a49c-b5d4404fb495	Pancake good morning debout	Standing Pancake Good Morning	bodyweight
afefd18e-e13f-4a26-aac7-11da91cb792a	Pause hack squats	Pause Hack Squats	bodyweight
0910c1be-970d-4ed8-974e-83077a7636ef	Piliers hercules	Hercules Pillars	bodyweight
ba9e4698-68a8-4514-95b7-f7b706854304	Planche de côté dynamique	Planche de cote dynamique	bodyweight
c0b1b91a-84f3-4811-8b81-b6a4a7494b3b	Planche dynamique	Dynamic Planche	bodyweight
cbe295de-81a0-4686-8f61-da3de401e552	Planche tuck	Tuck planche	bodyweight
8813ea81-5b3d-4939-a71a-4e8ed7a5486f	Plate pinch hold	Plate Pinch Hold	bodyweight
1eb9e156-c832-4372-945b-b1902d3822d6	Poirier	Handstand	bodyweight
e63fe427-e910-4e0d-9f73-c51d85b36a3f	Pompes	Push-Ups	bodyweight
5314ddc6-9797-4080-ba1a-0fb957704ce7	Pompes | parallettes	Push-Ups | Parallettes	bodyweight
59c21573-05ce-48a0-b20b-2a8be9cb5ec4	Pompes au mur	Wall Pushup	bodyweight
de827afb-d91b-400a-bd5f-415beca277df	Pompes claquées	Clap Push-UP	bodyweight
92d8460a-b5c6-449a-9659-004a7ee9565c	Pompes déclinées	Decline Pushups	bodyweight
3344b760-73a8-43e6-9849-099faffe6c44	Pompes diamant	Diamond push ups	bodyweight
426a5c8a-60bd-456c-b5c9-9bf92913f089	Pompes en déficit	Deficit Push ups	bodyweight
01babef5-3139-4f37-b23f-88ef8d40279d	Pompes en poirier	Handstand Push Up	bodyweight
46957be6-d3dc-41f2-8469-3edeecc0fe01	Pompes hindoues	Hindu Pushups	bodyweight
af2cc5d5-b63d-44dc-aedc-366b6733873a	Pompes inclinées	Incline Push up	bodyweight
c7d96c62-a619-42e9-aa9e-c3559be36df9	Pompes latérales alternées	Side to Side Push Ups	bodyweight
7d9796e9-eaa3-499a-a7cc-734bf88c452b	Pompes lestées	Weighted push-ups	bodyweight
5c7e172f-6c33-46cc-9886-4c31287623a8	Pompes pike	Pike Push Ups	bodyweight
6b46d77b-1291-44b9-9d40-f4da8930ae17	Pompes prise serrée	Close-grip Press-ups	bodyweight
9dd1bc26-5d88-4744-9543-18477885d0f4	Pompes sur les genoux	knee push-ups	bodyweight
4a1a7219-bd91-4d59-9d73-2c30c5d9f0ce	Pompes un bras	One armed push-ups	bodyweight
de2f3fda-e9ed-4869-a507-579fc9240910	Pont fessier	Glute Bridge	bodyweight
acc214d9-4bfd-4459-a5f9-d9d262753867	Pont fessier en marche	walking bridge	bodyweight
82f05e19-8c90-4ed1-b295-5eb5d333ab77	Pont fessier unipodal	Single Leg Glute Bridge	bodyweight
fd1219cf-9b43-4cd9-812b-e7ddaf3e8230	Position du cavalier (grand écart)	Horse Stance (Side Splits)	bodyweight
67f05897-eef3-4719-ab46-8b21a2cf5bd5	Poussée latérale	Lateral Push Off	bodyweight
343744b7-2671-4ee5-a7cb-3ef8688b8125	Poussée traîneau	Sled Push	bodyweight
24983c2b-87fd-4e60-be1c-0d32dbc6ba91	Press autour poulie	Cable Press Around	bodyweight
fae400e0-98b6-43b4-9f67-b54a438f11b2	Presse à cuisses machine hack	Leg Press on Hackenschmidt Machine	bodyweight
eb70013f-1223-4939-9a48-6495a99f6389	Presse à cuisses orteils	Leg Press Toe Press	bodyweight
2bd7b205-9bee-4790-906d-16b665f7bb2b	Presse à cuisses prise large	Leg Presses (wide)	bodyweight
2827f761-5e6b-4629-81ef-d55156cb636c	Presse à cuisses prise serrée	Leg Presses (narrow)	bodyweight
f51a6dd5-3c82-4bd3-9a5b-3b9b0ccc9dc0	Presse abdominale deux jambes	Double-Leg Abdominal Press	bodyweight
5fcb0bc7-c5e3-4a08-a493-42b8e4c9653c	Presse mollets sur presse à cuisses	Calf Press Using Leg Press Machine	bodyweight
dfcc9c6f-61b8-4ee0-a93a-6b6296dd8adf	Pseudo planche push-up	Pseudo Planche Push-up	bodyweight
9f682da0-cc84-41a4-9436-2adfb0ee253c	Pull through poulie	Cable pull through	bodyweight
7afb17cf-ddf0-4efe-aa5a-f3e72d379b48	Pull-back	Pullback	bodyweight
a3de462c-9cb9-4a59-ae31-11fbb842895b	Pull-ups (neutral grip)	Pull-Ups (Neutral Grip)	bodyweight
7771cfee-f8f7-4681-8dbd-65efe5595573	Pull-ups (poignée large)	Pull-Ups (Wide Grip)	bodyweight
d4fc8348-cd49-4078-a89e-59d6d0951bca	Rack deadlift	Rack Deadlift	bodyweight
0c5cd2b2-d73e-4e47-a1d6-a9630c5602e1	Rameur	Rowing Machine	bodyweight
3417217f-a30f-4efa-ad96-0ae0617210ab	Reach ups	Reach ups	bodyweight
52704e4b-3f36-405b-887e-9c82a24c2c29	Relevé de genoux	Knee Raises	bodyweight
a49d397d-e591-4bc6-b89e-9299a36e6dec	Relevé de jambes allongé	Leg Raises, Lying	bodyweight
b2d0a8f2-9534-44b4-b054-6e14be83e853	Relevé de jambes barre de traction	Leg raises pull up bar	bodyweight
c8eebf78-4b83-4b6d-9470-0bc3969ae1ac	Relevé de jambes debout	Leg Raises, Standing	bodyweight
17ef5f8e-ce0a-4827-a3dd-20535c916793	Relevé de jambes suspendu	Hanging Leg Raises	bodyweight
c21343ce-d11d-42e6-aa10-cd535b890121	Renforcement haut du dos	Upper Back	bodyweight
088d662b-a3a9-49fa-af2f-bc06c120e6d1	Repli genoux assis	Seated Knee Tuck	bodyweight
a1d3dcbc-0fc9-49ee-91ec-27f2ebbcc5e4	Rétraction scapulaire inclinée - bras sur le côté	Prone Scapular Retraction - Arms at Side	bodyweight
58f2e50f-175e-4fdc-bcd8-89034fd73721	Reverse snow angel	Reverse Snow Angel	bodyweight
e335d05e-3f9e-429f-acdd-53fd2e075878	Reverse woodchops	Reverse Wood Chops	bodyweight
13fd4489-488d-451f-996c-4812050bebd7	Rollout TRX	TRX roll out	bodyweight
cff04de0-a6f9-4e34-bcf2-49f5ae81bade	Rotation avec disque	Plate twist	bodyweight
930c25f9-d290-4f76-bbeb-318f3dce54ab	Rotation du tronc	Core Rotation	bodyweight
4d4e1b96-8a72-4bfd-9811-cc1eccf6cfe5	Rotation du tronc poulie	Trunk Rotation With Cable	bodyweight
31419c2c-8e7a-4a8c-90d7-4ee7b14a57a5	Rotation externe épaule poulie	Shoulder External Rotation (Cable)	bodyweight
4fa26d83-bc91-4a86-9047-ffb476ce0f05	Rotation externe poulie	Cable External Rotation	bodyweight
6f65989a-a4d9-42d1-9d50-e2949ffa39b5	Rotation interne épaule poulie	Shoulder Internal Rotation (Cable)	bodyweight
6c3d4245-cec8-4959-962a-4e5fa70fca65	Roue abdominale	Ab wheel	bodyweight
a490fd60-69a9-4710-9a81-2af3a4a0df12	Roue jambes	Leg Wheel	bodyweight
7c253592-fe25-4bc4-bed9-73fbb920b8a6	Rouleau de massage mollets	Calves foam roller	bodyweight
d7136662-8e24-4d6a-b7c2-5997c9c5cc18	Rouleau de mousse gluteus	Foam Roller Gluteus	bodyweight
420bd8b4-da5f-4284-a3d3-c2358073ec0e	Rouleau de mousse quadriceps	Foam Roller quadriceps	bodyweight
9ce5f82a-3feb-4e72-ab70-fb54440b7def	Rouleau en mousse bande iliotibiale	Foam Roller Iliotibial band	bodyweight
78045070-8519-401e-a43f-004e8bce777a	Rowing allongé sur banc	Rowing, Lying on Bench	bodyweight
b4d1212d-f5b4-4b80-acc0-fcb229ee3ae7	Rowing assis machine	Seated Row (Machine)	bodyweight
01807007-7465-4a5f-8155-e0eff0dc10da	Rowing inversé	Inverted Rows	bodyweight
026ae371-13b0-4eff-b2d8-58e17b8e2722	Rowing machine iso à levier	Leverage Machine Iso Row	bodyweight
17fbb89c-8a72-4646-8a38-b2d6907a303d	Rowing shotgun	Shotgun Row	bodyweight
abe08179-bf21-4a16-8509-ab38977cf78c	Rowing T-bar	Rowing, T-bar	bodyweight
21c4695c-af0f-4492-85f2-8d2aa688571c	Sauter - standard	Skipping - Standard	bodyweight
736d673c-55ef-4f71-902e-7ee2d4076bb0	Sauts genoux hauts	High Knee Jumps	bodyweight
a0356f01-5639-4ba6-a45b-7e498180bb23	Serviette superman	Towel Superman	bodyweight
4be68247-215d-4c80-86a3-97041544c05d	Shinbox ir stretch	Shinbox IR Stretch	bodyweight
6500fa22-8ee9-4b17-a12e-2f4ca3c025f7	Shrugs assis poulie mi-trapèze	SEATED CABLE MID TRAP SHRUG	bodyweight
26db6432-c5e0-450f-a206-93a5efbbaad6	Shrugs poulie	Cable Shrug-In	bodyweight
98d1b8c2-fdf0-4a7d-9523-b56a0afa8cff	Shrugs sur multipress	Shrugs on Multipress	bodyweight
db11297e-0845-4a64-88f4-8693bc804e1b	Sit & reach	Sit & Reach	bodyweight
09387529-b554-49ad-a409-1c1f32136009	Sit outs complets	Full Sit Outs	bodyweight
d9a08903-bee4-410b-b223-62699c94340f	Sit-up avec poussée coude	Sit Up Elbow Thrust	bodyweight
b471bde0-a20e-4f75-905e-7766c2c657eb	Sit-up papillon	Butterfly Sit Up	bodyweight
03fc2e01-302a-4200-b90f-f7e4d8a9e0d6	Sit-ups	Sit-ups	bodyweight
97535500-862e-4fef-b56b-458fba125327	Sit-ups splinter	Splinter Sit-ups	bodyweight
c454ec97-10bd-47b9-9d76-d21cbbdb1c7a	Snap down	Snap Down	bodyweight
7274d47f-54ca-44a9-9dfe-109f0ee6e299	Soulevé de terre sumo	Sumo Deadlift	bodyweight
0e53aa81-4f2d-4eae-a906-8e1824aa2288	Sphinx	Sphinx	bodyweight
113d352b-5f40-46ad-9d43-a1f5c9f33934	Squat cosaque	Cossack squat	bodyweight
473523ed-8ef9-493e-8e33-660de7979a7a	Squat dragon	Dragon squat	bodyweight
9ec0f674-2651-4e01-9585-aa28632a70ed	Squat isométrique jusqu'à l'échec	Isometric Squat to Failure	bodyweight
a089fc9b-4e5c-4eda-ba02-3efc493cb01b	Squat latéral haltère	Dumbbell Side Squat	bodyweight
baeab1b9-db48-454e-889f-f469d2e3f0e2	Squat pendulaire	Pendulum Squat	bodyweight
f1c88f28-8742-4862-985d-0752deca3675	Squat pistol	Pistol Squat	bodyweight
d7818c20-5582-433d-806b-bd82c4731fa2	Squat poids de corps	Bodyweight Squat HD	bodyweight
0001fcac-e98b-4165-84c5-9624fbc9e56a	Squat renforcé	Braced Squat	bodyweight
271271a1-cc6e-4168-847b-bdcf1c05d8b7	Squat Smith machine	Smith machine squat	bodyweight
1e81119e-b7a7-46d9-9c76-a1302bebc15c	Squat thrust	Squat Thrust	bodyweight
d4c5388c-c176-47e6-8a54-5183058fe5ff	Squat trap bar	Trap Bar Squat	bodyweight
732d33ce-80c3-4c4f-ba24-2bf0f7900cb9	Squats hindous	Hindu Squats	bodyweight
ffa0994b-a4a2-492f-b718-23d8bb795549	Squats sautés	Squat Jumps	bodyweight
4abd9a5f-78ed-4772-bf3d-153cccc7cb65	Squats sumo	Sumo Squats	bodyweight
821493c1-0f70-46d7-b26c-2cbf662c6108	Squats sur multipress	Squats on Multipress	bodyweight
2b9b7fd3-7182-4c2b-80aa-17f314575ee9	Stepper	Stair Master	bodyweight
930740cd-66d0-48e0-ad57-a6c3116d4f66	Straddle l-sit	Straddle L-Sit	bodyweight
278a1216-0176-40c3-b471-0c9c741d0477	Superman	Superman	bodyweight
3ce1cd6f-97d2-4339-869c-9a712f1c9592	Superman à genoux	Kneeling Superman	bodyweight
268147ef-39f6-4626-b333-a5787325085f	Superman papillon	Butterfly Superman	bodyweight
a3f7c6dc-522c-4075-9a91-41744f1bc1ee	Talons-fesses	Talons fesses	bodyweight
aa755af2-4af5-440d-810b-ed048b910251	Tirage assis poulie basse	Seated Cable Rows	bodyweight
b4dea389-445a-4ab9-bed5-ce33aa9d8b2d	Tirage bras tendus poulie (barre)	Straight-arm Pull Down (bar Attachment)	bodyweight
705ff2b8-97a2-4784-9bcc-fabf13e6c26a	Tirage bras tendus poulie (corde)	Straight-arm Pull Down (rope Attachment)	bodyweight
e3893001-8cc0-43b1-8542-f1ef19ae5c4c	Tirage croisé unilatéral poulie	unilateral cross body cable pull down	bodyweight
304134ce-1bcd-4c7f-a8da-e78929b74c69	Tirage haut	High Pull	bodyweight
7c979e97-2fe7-471d-8267-d884b30ae83e	Tirage latéral bras tendu poulie	Side Straight-Arm Pulldown (Cable)	bodyweight
c341f9f4-3278-4fb3-87af-5210dcea0247	Tirage latéral poulie un bras	Lateral Rows on Cable, One Armed	bodyweight
bcd680b9-f13a-4069-96af-5b6d2601cd2b	Tirage menton multi press	Upright Row, on Multi Press	bodyweight
a53d233c-4b2b-4d19-97b0-61966f98d24f	Tirage poulie basse	Long-Pulley (low Row)	bodyweight
df5fce1d-07ca-4bfd-b131-88c5ca6f96d3	Tirage poulie basse prise serrée	Long-Pulley, Narrow	bodyweight
7bf594f1-283a-4647-a6d4-2e0ed57935aa	Tirage poulie haute	Lat Pull Down	bodyweight
7cae3828-7313-46dc-99ec-f0bfd7196d11	Tirage poulie haute alterné	Alternating High Cable Row	bodyweight
be46a858-714e-49ae-a391-e92e8ac1a7d9	Tirage poulie haute croisé un bras	Lat Pulldown - Cross Body Single Arm	bodyweight
1a73e258-628d-4ebf-ab8e-6a28d3082428	Tirage poulie haute dos droit	Lat Pull Down (Straight Back)	bodyweight
4dbdb558-010e-4a2f-afe2-e6ae9ac6f206	Tirage poulie haute penché arrière	Lat Pull Down (Leaning Back)	bodyweight
db6006b4-6c4f-4404-acff-5cb11757e101	Tirage poulie haute prise en V	V-BAR PULL DOWNS	bodyweight
a73696b2-3b0c-4b90-a8fe-6a2169122a48	Tirage poulie haute prise large	Wide-grip Pulldown	bodyweight
79741482-4cf3-4ed3-8cc4-92121642ceb4	Tirage poulie haute prise neutre	Neutral Grip Lat Pulldown	bodyweight
071e638b-1a70-4818-b547-190f4ca20e35	Tirage poulie haute prise serrée	Close-grip Lat Pull Down	bodyweight
a9c3b9d9-b625-46ff-923a-d45c5faef4c9	Tirage poulie haute prise serrée supination	Biceps Close Grip Pull Down	bodyweight
fc5f4c13-2b69-446c-85a3-6f58aff1ad31	Tirage poulie haute prise supination	Underhand Lat Pull Down	bodyweight
39390c69-b038-4834-9662-e05b789caf9c	Tirage poulie haute un bras à genoux	1-Arm Half-Kneeling Lat Pulldown	bodyweight
42d116e1-973f-4e9f-b68b-36eff089ea08	Tirage scapulaire	Scapula Pulls	bodyweight
5aad1edf-e67e-4ee4-b375-c1369a5fec48	Tirage TRX	TRX Rows	bodyweight
3bafd555-4a09-40bd-88a4-d9f4f9ef7e7f	Tire-bouchon assis	Seated Corkscrew	bodyweight
44c13f20-702e-44e7-b4b8-06a082b09ba6	Toe taps	Toe Taps	bodyweight
989185c7-6701-4552-873a-75729f100a06	Torsion du torse	TORSO TWIST	bodyweight
7b969f06-32d2-4634-9097-e6f5394cd3cc	Toucher de talons	Heel Touches	bodyweight
85d9853d-4d0f-4fe9-a96d-dd2003ae450c	Toucher des orteils	Toe Touch	bodyweight
3ce11aeb-966e-4168-b744-902b7d357cfe	Traction front lever	Front lever pull-up	bodyweight
261dca1e-9bae-4098-8676-6169597f9964	Tractions	Pull-ups	bodyweight
5c0d0e9c-2118-4be4-a90b-31239029b7a3	Tractions archer	Archer Pull Up	bodyweight
96a9ad05-192e-4e20-878f-90a153efa4d8	Tractions assistées machine	Pull Ups on Machine	bodyweight
84dbd964-b428-43cc-b0c1-49defcfea525	Tractions australiennes	Australian pull-ups	bodyweight
366e1372-4fa0-40c4-816c-6fa83aa2c53d	Tractions commando	commando pull-ups	bodyweight
c713d4ed-4b8e-4ccd-b1cf-fe289f68f21a	Tractions machine à écrire	Typewriter Pull-ups	bodyweight
51425997-110e-4584-a43f-86a43866d81d	Tractions prise large	Wide Grip Pull Up	bodyweight
397e5ec0-f7bc-4f72-a4cc-69753b82a518	Tractions prise neutre ou tirage TRX	Neutral-grip pull-ups or TRX rows	bodyweight
00731099-9e50-4c90-a92e-0b4433881125	Tractions supination	Chin-ups	bodyweight
c73a2398-e619-4d70-8a27-0455fd0bfc43	TRX obliques	TRX Obliques	bodyweight
6624ac33-3d9a-4e65-ab60-dad9f447f2c9	V push-up	Vpushup	bodyweight
4db27564-2359-427e-adac-b76994598c37	Vélo	Cycling	bodyweight
e2779bb6-3099-4714-ad2f-22d570f8b509	Vélo couché	Recumbent Bike	bodyweight
78d3a447-31c3-403f-8499-a94b352d0157	Vélo elliptique	Elliptical	bodyweight
029a1da6-b89a-433d-a9af-5d33a4795c04	W-raise	W-Raise	bodyweight
519b77ba-040a-4e25-87ac-59b22b21700c	Wall angels	Wall Angels	bodyweight
203772ed-6ef8-4c87-88a6-3c917de11bec	Wall drills	Wall Drills	bodyweight
099b8e03-ab8e-4fee-b274-0d29bbaa4656	Wall slides	Wall Slides	bodyweight
d2f2a8ab-49c8-48cf-a4a2-41121cad3370	Woodchoppers poulie	Cable Woodchoppers	bodyweight
9b67f8af-da68-4314-82dc-cbf00dc1d58d	Crunch à genoux poulie	Crunches With Cable	cable
853a6460-f4f4-4195-8ec5-73ef823ba437	Extension triceps corde	Tricep Rope Pushdowns	cable
40b2dfd2-140a-4c87-83c2-13018fb9285c	Rowing assis poulie prise large	Seated Cable Row	cable
edd586fb-6546-4e81-9c20-2cd08295e8b2	Tirage latéral prise large	Lat Pulldown (Wide Grip)	cable
7eefe1b3-b826-422b-95ee-400ee2e9b14b	Abduction hanches supination	Supine Hip Abduction	dumbbell
302e23fd-50cb-4719-aa20-370690de80c7	Arnold Press Haltères	Arnold Shoulder Press	dumbbell
456756f2-be1e-47f4-818c-0b0d785929db	Bear crawl tirage	Bear crawl pull through	dumbbell
4c5f32b3-941a-43da-994b-2e705bb37fd9	Bradford press haltères	Dumbbel Bradford press	dumbbell
07b26aa4-7250-4867-adb5-50fe13af9418	Crunch lesté	Weighted Crunch	dumbbell
f6ccb851-3bc5-46ff-9b8c-7c610a29f7c8	Crunchs avec haltère	Dumbbell Crunches	dumbbell
0244d247-1c00-4a1f-9e87-f8e418b7864c	Curl assis haltères	Seated Dumbbell Curls	dumbbell
bb39c335-c74b-4bf1-986e-b06031df6087	Curl au pupitre rotation externe	Preacher Curl - Externally Rotated	dumbbell
27249c8a-571c-4271-b2a6-8b6f917be858	Curl au pupitre rotation interne	Preacher Curl - Internally Rotated	dumbbell
e2a78372-143e-4944-b2a2-a7557b668dbd	Curl au pupitre un bras	Single-arm Preacher Curl	dumbbell
4ebf768c-b17d-493e-9e14-ccb4c0ef0baa	Curl biceps alterné haltères	Alternating Biceps Curls With Dumbbell	dumbbell
96598721-84fd-4ec7-983c-5fe11697eb8a	Curl biceps debout	Standing Bicep Curl	dumbbell
192cea75-fa8a-470f-bca5-43690d218a29	Curl biceps haltères	Biceps Curls With Dumbbell	dumbbell
dab9e7ee-ff86-4f8b-9974-382748953cc1	Curl biceps prise large haltères	Dumbbell wide bicep curls	dumbbell
a749668d-4dc3-4b24-ae90-a562d9b50a38	Curl biceps puis press haltère	Dumbbell bicep curl to press	dumbbell
7ddc2670-c683-45bc-8b93-f82b02652d35	Curl biceps trifecta	Bizeps Curls Trifecta	dumbbell
cdc3274a-2222-416d-be7a-913b722afd5f	Curl concentration haltère	Concentration Curl	dumbbell
20788488-2e32-4553-b513-912b415db531	Curl drag haltères	Dumbbell drag curls	dumbbell
508681fb-9344-4d40-9acd-759ada7100ea	Curl épaule élevée	Curl  - With Shoulder Elevated	dumbbell
01b68090-4bfe-4f29-8d67-6feaef34b3ba	Curl marteau	Hammer Curls	dumbbell
07a985c2-c0c8-4cf7-af47-66aa3df704a4	Curl marteau alterné haltères	Alternating dumbbell hammer curl	dumbbell
5debddb1-24da-40bc-bee4-b7f9a4c2383e	Curl marteau croisé haltères	DB Cross Body Hammer Curls	dumbbell
16688fab-a9e4-4b50-bd06-9a91798fddab	Curl triche haltères	Dumbbell Cheat Curl	dumbbell
8823833e-a1a5-4fb3-9144-6a3a092cd7f8	Curl Zottman	Zottman curl	dumbbell
3f300c2f-78ed-4d23-97d0-78b384cf61a2	Curls biceps inclinés	Dumbbell Incline Curl	dumbbell
d2067c5a-675f-4a28-9009-bac34bed635c	Développé au sol haltères	Dumbbell Floor Press	dumbbell
e425cae9-0c5c-4edc-9cfe-62c832e9a48a	Développé couché prise serrée haltères	Dumbbell close grip bench press	dumbbell
e9d79779-fc61-4cc0-a155-7f7a875ca60f	Développé décliné haltères	Decline Bench Press Dumbbell	dumbbell
9184ae99-3f50-4283-90f8-fdd2f7d73e97	Développé épaules haltères	Shoulder Press, Dumbbells	dumbbell
ac06e835-9bde-4cdc-9109-b123dc154ee5	Développé haut des pectoraux haltères	DB Upper Chest Variation	dumbbell
ab25ef38-a941-4e1f-a121-a36e2510ef3d	Développé incliné haltère	Incline Bench Press - Dumbbell	dumbbell
d0c49636-6b4f-43f8-b884-f77ea3804f4e	Développé incliné haltères	Incline Dumbbell Bench Press	dumbbell
4f7084b0-de18-40be-a864-be3ddae0695b	Développé incliné haltères presse	Incline Chest Press DB	dumbbell
96a50033-ba37-4677-8842-83e6c7ea3124	Développé un bras en pont fessier	Glute Bridge Single-Arm Press	dumbbell
8fcf9793-8f4e-424f-baf8-8ec084ae054e	Devil's press	Devil’s Press	dumbbell
e818ae8d-a414-458e-bb1a-218e66c8cde5	Drop curl	Drop Curl	dumbbell
23328e5a-d3ed-4b6e-89d8-2f4008da6241	Écarté haltères	Fly With Dumbbells	dumbbell
e1c63e86-1c67-4a1c-ab98-15a0d5faa9b8	Écarté haltères banc décliné	Fly With Dumbbells, Decline Bench	dumbbell
604da38b-8eca-4fa8-b408-d714cff5f3f5	Écarté incliné haltères	Incline Dumbbell Fly	dumbbell
0e88e8ec-bdfe-4b5a-891e-a0318cd772ac	Écarté inversé banc incliné	Incline Bench Reverse Fly - Hello	dumbbell
5899c6fd-2699-49f7-b6b3-ce3224e97e41	Élévation deltoïde postérieur	Rear Delt Raise	dumbbell
809a050e-239c-440c-91a2-6e4cfb4e9cfe	Élévation deltoïde postérieur assis	Seated rear delt rise	dumbbell
a9951fa8-bb98-411f-a0c1-a01eb2ca67e7	Élévation en Y incliné haltères	Incline DB Y-Raise	dumbbell
77547824-983a-4696-b608-5572b683621f	Élévation épaule haltère	Schoulder Raise (Dumbbell)	dumbbell
668165d1-eb49-4147-8208-b7b90f13028c	Élévation latérale assis haltères	Seated Dumbbell Side Lateral	dumbbell
bf3f4c4b-e74b-4d75-bb66-18499a8c8cdd	Élévation latérale et frontale haltères	Shoulder Raise Side and Front DB	dumbbell
ac03b011-bce0-4469-8d73-5e358e56ab55	Élévation mollets assis haltère	Seated Dumbbell Calf Raise	dumbbell
0dd7b758-82cc-40af-b001-cfd8b0d02862	Élévations latérales	Lateral Raises	dumbbell
c138b108-10af-4d83-9efc-fb1729937068	Élévations latérales-frontales	Lateral-to-Front Raises	dumbbell
f2e92b20-e1f1-4c97-b44e-04308b409926	Exercice pendulaire épaule haltère	Shoulder Dumbbell Pendular Exercise	dumbbell
90cd2fb5-8878-44d0-9815-efb12b64ab90	Exercice ytwl	YTWL Exercise	dumbbell
b3f1f205-2530-4c5a-bdff-f1504811df7d	Extension triceps au-dessus haltère	Triceps Overhead (Dumbbell)	dumbbell
431c4117-b71a-49f6-93db-e53e8aeee25e	Extension triceps haltère	Dumbbell Triceps Extension	dumbbell
7c249ca3-8c8f-4caa-a25d-a376ccbe55ee	Face pull penché haltères	Dumbbell Bent Over Face Pull	dumbbell
0e944828-4e82-4b62-ab70-566d2b47b5d0	Fente arrière haltères	Dumbbell Rear Lunge	dumbbell
b894168e-bf16-483c-80a8-157ee23aaa46	Fentes debout haltères	Dumbbell Lunges Standing	dumbbell
4b71d405-8811-47d7-96fe-c0b32d06d23e	Fentes marchées haltères	Dumbbell Lunges Walking	dumbbell
9e72e748-00c3-4c13-ae7c-57697fade813	Flexion latérale avec haltère	Dumbbell Side Bend	dumbbell
c4b3c305-d722-4639-bf2d-dec3ebf23f71	Flexion latérale tronc haltère	Side Dumbbell Trunk Flexion	dumbbell
735d048e-0531-404d-8ee3-4ac7195821da	Flexions latérales machine	Side Bends on Machine	dumbbell
de8de0e3-ea45-4749-b22c-274d1477a6f1	Helms row	Helms Row	dumbbell
45bf2f85-441d-4332-ad44-4a75fcbdc67e	Hip thrust haltère	Dumbbell Hip Thrust	dumbbell
1f06c39a-9bae-4cbf-bf71-6de7b874e06e	Incliner ohp DB	Incline OHP DB	dumbbell
d095a06c-daf5-4908-bf81-b74f94a19cf6	Kickback triceps allongé	Lying Triceps Kickback	dumbbell
e54ec1eb-3ed0-4f90-ac32-761783ed8c9a	Kickback triceps haltère	Tricep Dumbbell Kickback	dumbbell
fbedefc2-bf8b-4bf6-be18-3695814cd8df	Kong curl	Kong Curl	dumbbell
bb506831-5760-4c11-961a-e936ee647af0	Maintien statique incliné	Incline Static Hold	dumbbell
41cc929f-295f-4ba6-8064-b3ad18de2e9d	Press frog haltères	Dumbbell Frog Press	dumbbell
09939a83-901b-42ce-b87f-9e1e511c685f	Pull-over	Pullover	dumbbell
84ddd625-91d7-4c81-a6bf-01cf571b6c77	Pull-over haltère travers du banc	Cross-Bench Dumbbell Pullovers	dumbbell
681a4606-be56-4249-842d-ed305bb4590a	Rotation externe épaule haltère	Shoulder External Rotation with Dumbbell	dumbbell
4dfbccd4-0a00-4c20-bd71-75339c04d677	Rotation russe	Russian Twist	dumbbell
7b53866b-31e9-4a84-a452-4c8a20387c2d	Rotations épaules haltères	Dumbbell Shoulder Rotations	dumbbell
ef8d38b9-3801-42f8-ac6a-e611dfcf5205	Rowing deltoïde postérieur haltère	Dumbbell rear delt row	dumbbell
6f85796c-ac88-46c6-bc96-9c8bde958ec7	Rowing gorilla alterné haltères	Alternative DB Gorilla rows	dumbbell
01d735cf-50ac-413e-b0ec-ab8954a9b71e	Rowing haltères allongé SS shrugs assis	LYING DUMBBELL ROW SS SEATED SHRUG	dumbbell
a0d64b68-6002-4602-af0c-d780e4d3ab90	Rowing lourd un bras	One-Arm Heavy Row	dumbbell
5cfd6d84-21e3-43fe-bea6-d39fecb559a5	Rowing mort supination haltère	Dumbbell Underhand Dead Row	dumbbell
3ebb0b33-d0c9-4f3f-91e1-7f2be1459f9a	Rowing penché haltère	Dumbbell Bent Over Row	dumbbell
48e15102-251c-4eaf-a0b0-e5543265b849	Rowing renegade	Renegade Row	dumbbell
d382483c-2d5a-47b6-9d1a-8aed395a2b67	Scaption haltères	Dumbbell Scaption	dumbbell
f703d3d2-df8a-450e-871a-a9fb92a87972	Shrugs haltères	Dumbbell Shrug	dumbbell
d1d4cf65-0ee8-4497-8b6d-58f19bcfe640	Soulevé de terre roumain	Romanian Deadlift	dumbbell
e6076f7f-23f3-4eb4-8c5a-573016a69c5b	Soulevé de terre roumain haltères	Dumbbell Romanian Deadlift	dumbbell
c7a6fec1-d5f5-4910-9663-38a714ba4caf	Soulevé de terre roumain unipodal	Romanian deadlift, single leg	dumbbell
4be6dcc0-d9e1-4174-be8b-649cd34da492	Soulevé de terre unipodal haltère	Single-Leg Deadlift with Dumbbell	dumbbell
aa995ff8-f176-40ed-8b44-3ae7ddfc4001	Soulevé de terre unipodal kettlebell	Kettlebell One Legged Deadlift	dumbbell
090dcea1-8b1f-4fa9-97ee-85dad61d9dd5	Squat avant haltères	Dumbbell Front Squat	dumbbell
6730ba6f-7200-4ac9-864c-e3026430861c	Squat bulgare haltères	Bulgarian Squat with Dumbbells	dumbbell
2fa0d628-bf46-41b1-b51c-c1aaade6c264	Squat goblet haltère	Dumbbell Goblet Squat	dumbbell
04d4f061-bc86-4a76-87d4-b9df1f12ea9a	Thruster haltères	Dumbbell Thruster	dumbbell
c4717a52-d3b4-4afb-8d0b-0315964159ab	Tirage haut penché	Bent High Pulls	dumbbell
670ed8db-0770-4e60-ba81-2ae1c55d8d61	Tirage menton haltères	Upright Row w/ Dumbbells	dumbbell
5ed4019c-5657-40e3-b50b-b0375523a3d4	Tirage vertical haltère	Lat Pull DB	dumbbell
6e57395a-d0e6-435d-a184-d4dd4b5cbe73	Turkish get-up	Turkish Get-Up	dumbbell
ca1ba782-a75c-4c1c-b68e-82fb3c3e3dad	UCV haltères	DB UCV	dumbbell
0c238248-28eb-431d-9dd2-ff26d9c5509d	Câble omni cross-over	Omni Cable Cross-over	ez_bar
a20e6d23-7581-409b-9659-c8ef44f9eb95	Curl au pupitre	Preacher Curls	ez_bar
f3d9602a-856a-46f7-92e9-a9824ec6d9dd	Curl biceps barre EZ	Biceps Curls With SZ-bar	ez_bar
d565cf7f-b8f4-4d2f-9682-8c43c01b24d3	Curl inversé au pupitre prise serrée	Reverse Preacher Curl (Close Grip)	ez_bar
35b8ffa7-8437-4839-a401-ce57b7ce8d32	Curl inversé barre	Reverse Bar Curl	ez_bar
2c4a3818-afab-4787-abe8-decebab9e7bf	Curl inversé barre EZ poulie	Reverse EZ Bar Cable Curls	ez_bar
64f8124b-81a3-41ed-bc4b-1bac7f28dd22	Drag pushdown	Drag Pushdown	ez_bar
bb0806ab-87ad-4c21-b679-10dd9e2a160b	Élévation frontale barre droite poulie	Straight Bar Cable Front Raise	ez_bar
4d485428-d3e0-40bc-87b3-b510183fc29e	Extension nuque	Kneck extension	ez_bar
6598b84c-9e8a-4b48-af0a-4ef557ddcae7	Extension triceps au-dessus	Overhead Triceps Extension	ez_bar
c71fe6c3-5b81-4ffb-9af5-ed2a5fde4f59	Extension triceps poulie bascule	Rocking Triceps Pushdown	ez_bar
8198d1a7-3171-4dd8-882f-69d87e2a267a	Skull crusher au sol	Floor Skull Crusher	ez_bar
ae0499cc-f5ae-4552-a4be-15c2264f6d28	Skull Crusher incliné	Incline Skull Crush	ez_bar
9b6e403b-59e3-4f96-bef9-6d8b18c6c2bf	Tirage menton barre EZ	Upright Row, SZ-bar	ez_bar
685b3112-11b1-44eb-8367-2564e42cef45	Curl kettlebell deux mains	Curl with kettlebell two hands	kettlebell
d38742a8-6822-48cd-af7d-79331293b086	Curl kettlebell un bras	one-handed kettlebell curls	kettlebell
ef86a533-e048-4a23-9213-b7f71ae88532	Épaulé développé double kettlebell	Double Kettlebell Clean and Press	kettlebell
288b9b85-c912-40cf-9ba0-cd02f4d42efd	Fente unilatérale kettlebell	Single-Leg Lunge with Kettlebell:	kettlebell
120b9c23-902e-45eb-a125-9d0bedfea118	Kettlebell sumo deadlift	kettlebell sumo deadlift	kettlebell
fec6a764-ce44-4acf-88fe-7ecd4680acdf	Maintien latéral dynamique	Dynamic side hold	kettlebell
732af1bb-86ac-4cef-b6a5-ee3a9bae4954	Planche tirage un bras	Single Arm Plank to Row	kettlebell
ca09942d-f172-49fd-8c50-4940e6d57926	Squat avant double kettlebell	Double Kettlebell Front Squat	kettlebell
50bd1988-2cd5-4c59-a636-07d15b6ffff0	Swing kettlebell	Kettlebell Swing	kettlebell
32708a30-86d5-4ae9-b74c-7c589a94790e	Swings kettlebell	Kettlebell Swings	kettlebell
a6466186-556c-4b25-909e-1322a71a3a38	Crunch assis machine	Crunches on Machine	machine
bef3b7ca-9ea6-4f10-a4d1-f8cf2b47cd2c	Élévation mollet machine	Standing Calf Raises	machine
38751d34-f095-4fbf-bacd-f969200337be	Extension de jambe machine	Leg Extension	machine
0471c66d-4be1-48dd-8d7c-b984867a0fef	Extension du dos machine	Hyperextensions	machine
7c590392-d7af-4775-b5c8-30f7c5bdec10	Extension mollet machine	Seated Calf Raise	machine
8fa57fcc-3688-433d-b884-2589570bbe28	Leg Curl assis	Leg Curls (sitting)	machine
d1f129e3-52c4-4a85-b928-ca64a6b0dcbc	Papillon bras tendus	Pec Deck	machine
36a65b5a-b955-4b77-a884-b9fb071480c3	Papillon inverse	Pec Deck Rear Delt Fly	machine
eea650b6-735e-40f4-bb8a-92b383c1592a	Pec Deck bras tendus	Pec Deck	machine
192fbeea-763e-4d1c-876e-5de09d0308ea	Presse à cuisse	Leg Press	machine
c50d0d7a-22e0-410d-934f-153eb2a55ccb	Rowing assis poulie prise serrée	Rowing seated, narrow grip	machine
91522c8a-1101-43b3-8081-e436dbd60c69	Rotation ballon lesté	Medicine ball twist	other
d43df44e-56cf-4812-89cd-8138ea242696	Wall balls	Wall balls	other